{"cameraMode":{"drawMode":0,"name":"Shaded","section":"Shading Mode"},"sceneLighting":false,"audioPlay":false,"sceneViewState":{"m_AlwaysRefresh":false,"showFog":true,"showSkybox":false,"showFlares":true,"showImageEffects":true,"showParticleSystems":true,"showVisualEffectGraphs":true,"m_FxEnabled":true},"in2DMode":false,"pivot":{"x":0.42824819684028628,"y":0.10075533390045166,"z":1.0202159881591797},"rotation":{"x":0.16293124854564668,"y":0.04024267941713333,"z":-0.006651302333921194,"w":0.9857964515686035},"size":1.5287021398544312,"orthographic":false}