{"cameraMode":{"drawMode":0,"name":"Shaded","section":"Shading Mode"},"sceneLighting":false,"audioPlay":false,"sceneViewState":{"m_AlwaysRefresh":false,"showFog":true,"showSkybox":false,"showFlares":true,"showImageEffects":true,"showParticleSystems":true,"showVisualEffectGraphs":true,"m_FxEnabled":true},"in2DMode":false,"pivot":{"x":0.3843611478805542,"y":-0.7562961578369141,"z":-0.8127498626708984},"rotation":{"x":0.3381834030151367,"y":-0.00790521502494812,"z":0.002840506611391902,"w":0.9410449862480164},"size":5.535555362701416,"orthographic":false}